Workbook

Sheet Calculator
A1: Paint Speed Calculator
A2: UI Speed (1-100) | B2: 80
A3: Minimum internal velocity (%) | B3: 10
A4: Maximum internal velocity (%) | B4: 100
A5: Minimum internal acceleration (%) | B5: 1
A6: Maximum internal acceleration (%) | B6: 100
A8: Resolved Velocity (%) | B8: =$B$3+(B2-1)*($B$4-$B$3)/99 -> 81.818182
A9: Resolved Acceleration (%) | B9: =(SQRT($B$5)+(B2-1)*(SQRT($B$6)-SQRT($B$5))/99)^2 -> 66.942149
A11: Equations
A12: Normalized progress (t) | B12: t = (Speed - 1) / 99
A13: Velocity | B13: V = Vmin + t × (Vmax - Vmin)
A14: Acceleration | B14: A = (√Amin + t × (√Amax - √Amin))²

Sheet Complete Table
A1: UI Speed | B1: Velocity (%) | C1: Acceleration (%)
A2: 1 | B2: =Calculator!$B$3+(A2-1)*(Calculator!$B$4-Calculator!$B$3)/99 -> 10 | C2: =(SQRT(Calculator!$B$5)+(A2-1)*(SQRT(Calculator!$B$6)-SQRT(Calculator!$B$5))/99)^2 -> 1
A3: 2 | B3: =Calculator!$B$3+(A3-1)*(Calculator!$B$4-Calculator!$B$3)/99 -> 10.909091 | C3: =(SQRT(Calculator!$B$5)+(A3-1)*(SQRT(Calculator!$B$6)-SQRT(Calculator!$B$5))/99)^2 -> 1.1900826
A4: 3 | B4: =Calculator!$B$3+(A4-1)*(Calculator!$B$4-Calculator!$B$3)/99 -> 11.818182 | C4: =(SQRT(Calculator!$B$5)+(A4-1)*(SQRT(Calculator!$B$6)-SQRT(Calculator!$B$5))/99)^2 -> 1.3966942
A5: 4 | B5: =Calculator!$B$3+(A5-1)*(Calculator!$B$4-Calculator!$B$3)/99 -> 12.727273 | C5: =(SQRT(Calculator!$B$5)+(A5-1)*(SQRT(Calculator!$B$6)-SQRT(Calculator!$B$5))/99)^2 -> 1.6198347
A6: 5 | B6: =Calculator!$B$3+(A6-1)*(Calculator!$B$4-Calculator!$B$3)/99 -> 13.636364 | C6: =(SQRT(Calculator!$B$5)+(A6-1)*(SQRT(Calculator!$B$6)-SQRT(Calculator!$B$5))/99)^2 -> 1.8595041
A7: 6 | B7: =Calculator!$B$3+(A7-1)*(Calculator!$B$4-Calculator!$B$3)/99 -> 14.545455 | C7: =(SQRT(Calculator!$B$5)+(A7-1)*(SQRT(Calculator!$B$6)-SQRT(Calculator!$B$5))/99)^2 -> 2.1157025
A8: 7 | B8: =Calculator!$B$3+(A8-1)*(Calculator!$B$4-Calculator!$B$3)/99 -> 15.454545 | C8: =(SQRT(Calculator!$B$5)+(A8-1)*(SQRT(Calculator!$B$6)-SQRT(Calculator!$B$5))/99)^2 -> 2.3884298
A9: 8 | B9: =Calculator!$B$3+(A9-1)*(Calculator!$B$4-Calculator!$B$3)/99 -> 16.363636 | C9: =(SQRT(Calculator!$B$5)+(A9-1)*(SQRT(Calculator!$B$6)-SQRT(Calculator!$B$5))/99)^2 -> 2.677686
A10: 9 | B10: =Calculator!$B$3+(A10-1)*(Calculator!$B$4-Calculator!$B$3)/99 -> 17.272727 | C10: =(SQRT(Calculator!$B$5)+(A10-1)*(SQRT(Calculator!$B$6)-SQRT(Calculator!$B$5))/99)^2 -> 2.9834711
A11: 10 | B11: =Calculator!$B$3+(A11-1)*(Calculator!$B$4-Calculator!$B$3)/99 -> 18.181818 | C11: =(SQRT(Calculator!$B$5)+(A11-1)*(SQRT(Calculator!$B$6)-SQRT(Calculator!$B$5))/99)^2 -> 3.3057851
A12: 11 | B12: =Calculator!$B$3+(A12-1)*(Calculator!$B$4-Calculator!$B$3)/99 -> 19.090909 | C12: =(SQRT(Calculator!$B$5)+(A12-1)*(SQRT(Calculator!$B$6)-SQRT(Calculator!$B$5))/99)^2 -> 3.6446281
A13: 12 | B13: =Calculator!$B$3+(A13-1)*(Calculator!$B$4-Calculator!$B$3)/99 -> 20 | C13: =(SQRT(Calculator!$B$5)+(A13-1)*(SQRT(Calculator!$B$6)-SQRT(Calculator!$B$5))/99)^2 -> 4
... A101: 100 | B101: =Calculator!$B$3+(A101-1)*(Calculator!$B$4-Calculator!$B$3)/99 -> 100 | C101: =(SQRT(Calculator!$B$5)+(A101-1)*(SQRT(Calculator!$B$6)-SQRT(Calculator!$B$5))/99)^2 -> 100
